scenario,filename,duration_sec
Follow-up Questions,0001_0002_add.wav,28.262875
Follow-up Questions,0001_0004_add.wav,27.5291875
Follow-up Questions,0001_0007_add.wav,26.2701875
Follow-up Questions,0001_0008_add.wav,27.823875
Follow-up Questions,0001_0009.wav,31.25
Follow-up Questions,0001_0010_add.wav,26.7701875
Follow-up Questions,0001_0011.wav,30.3100625
Follow-up Questions,0001_0018.wav,29.0
Follow-up Questions,0001_0022.wav,36.66
Follow-up Questions,0001_0044.wav,26.5200625
Follow-up Questions,0002_0002_add.wav,31.1430625
Follow-up Questions,0002_0004.wav,27.87
Follow-up Questions,0002_0005_add.wav,24.7820625
Follow-up Questions,0002_0006_add.wav,24.2259375
Follow-up Questions,0002_0008_add.wav,26.7163125
Follow-up Questions,0002_0020_add.wav,27.2530625
Follow-up Questions,0002_0025.wav,26.58
Follow-up Questions,0002_0039.wav,26.28
Follow-up Questions,0002_0047.wav,28.97
Follow-up Questions,0002_0052.wav,26.7900625
Follow-up Questions,0003_0004.wav,30.3000625
Follow-up Questions,0003_0004_add.wav,31.153875
Follow-up Questions,0003_0006_add.wav,23.675125
Follow-up Questions,0003_0010_add.wav,25.389625
Follow-up Questions,0003_0011_add.wav,28.8001875
Follow-up Questions,0003_0012.wav,27.1
Follow-up Questions,0003_0017_add.wav,27.0336875
Follow-up Questions,0003_0021.wav,30.5600625
Follow-up Questions,0003_0045.wav,28.19
Follow-up Questions,0003_0046.wav,27.32
Follow-up Questions,0004_0001.wav,29.2999375
Follow-up Questions,0004_0002.wav,31.2
Follow-up Questions,0004_0009_add.wav,35.500625
Follow-up Questions,0004_0014_add.wav,29.6591875
Follow-up Questions,0004_0015_add.wav,28.826125
Follow-up Questions,0004_0016_add.wav,26.2940625
Follow-up Questions,0004_0020_add.wav,26.6669375
Follow-up Questions,0004_0022.wav,29.1400625
Follow-up Questions,0004_0037.wav,32.4900625
Follow-up Questions,0004_0051.wav,27.83
Follow-up Questions,0005_0001_add.wav,26.168
Follow-up Questions,0005_0005_add.wav,30.319375
Follow-up Questions,0005_0007_add.wav,30.0288125
Follow-up Questions,0005_0014.wav,29.3600625
Follow-up Questions,0005_0016_add.wav,25.439375
Follow-up Questions,0005_0019.wav,27.6199375
Follow-up Questions,0005_0019_add.wav,27.3808125
Follow-up Questions,0005_0039.wav,26.8500625
Follow-up Questions,0005_0043.wav,26.9199375
Follow-up Questions,0005_0049.wav,28.3000625
Follow-up Questions,0006_0002_add.wav,31.439625
Follow-up Questions,0006_0004_add.wav,28.210625
Follow-up Questions,0006_0005_add.wav,27.458375
Follow-up Questions,0006_0015_add.wav,27.0508125
Follow-up Questions,0006_0020_add.wav,26.31575
Follow-up Questions,0006_0030.wav,27.05
Follow-up Questions,0006_0040.wav,26.780125
Follow-up Questions,0006_0044.wav,25.13
Follow-up Questions,0006_0046.wav,29.99
Follow-up Questions,0006_0051.wav,23.72
Follow-up Questions,0007_0006_add.wav,28.34775
Follow-up Questions,0007_0012_add.wav,29.976125
Follow-up Questions,0007_0016_add.wav,24.6953125
Follow-up Questions,0007_0018_add.wav,29.8030625
Follow-up Questions,0007_0020.wav,28.3500625
Follow-up Questions,0007_0020_add.wav,28.2888125
Follow-up Questions,0007_0025.wav,25.2900625
Follow-up Questions,0007_0031.wav,32.4499375
Follow-up Questions,0007_0042.wav,28.9200625
Follow-up Questions,0007_0054.wav,28.33
Follow-up Questions,0008_0006_add.wav,27.4104375
Follow-up Questions,0008_0008_add.wav,26.6036875
Follow-up Questions,0008_0013_add.wav,28.7188125
Follow-up Questions,0008_0015_add.wav,27.8888125
Follow-up Questions,0008_0017_add.wav,28.3820625
Follow-up Questions,0008_0034.wav,24.4200625
Follow-up Questions,0008_0038.wav,25.83
Follow-up Questions,0008_0039.wav,26.72
Follow-up Questions,0008_0042.wav,27.2200625
Follow-up Questions,0008_0053.wav,24.96
Follow-up Questions,0009_0001_add.wav,24.629
Follow-up Questions,0009_0003_add.wav,26.376125
Follow-up Questions,0009_0004_add.wav,27.6553125
Follow-up Questions,0009_0006.wav,33.3
Follow-up Questions,0009_0008_add.wav,26.1781875
Follow-up Questions,0009_0017_add.wav,28.4488125
Follow-up Questions,0009_0019.wav,28.11
Follow-up Questions,0009_0021.wav,29.3100625
Follow-up Questions,0009_0027.wav,28.9699375
Follow-up Questions,0009_0050.wav,29.7000625
Follow-up Questions,0010_0001_add.wav,26.502875
Follow-up Questions,0010_0002.wav,29.69
Follow-up Questions,0010_0011_add.wav,25.606125
Follow-up Questions,0010_0012_add.wav,27.0985625
Follow-up Questions,0010_0018_add.wav,23.518
Follow-up Questions,0010_0019_add.wav,27.3388125
Follow-up Questions,0010_0030.wav,33.5300625
Follow-up Questions,0010_0033.wav,31.3900625
Follow-up Questions,0010_0035.wav,26.73
Follow-up Questions,0010_0039.wav,29.3599375
Follow-up Questions,clean_0001_0002_add.wav,28.262875
Follow-up Questions,clean_0001_0004_add.wav,27.5291875
Follow-up Questions,clean_0001_0007_add.wav,26.2701875
Follow-up Questions,clean_0001_0008_add.wav,27.823875
Follow-up Questions,clean_0001_0009.wav,31.26
Follow-up Questions,clean_0001_0010_add.wav,26.7701875
Follow-up Questions,clean_0001_0011.wav,30.32
Follow-up Questions,clean_0001_0018.wav,29.01
Follow-up Questions,clean_0001_0022.wav,36.67
Follow-up Questions,clean_0001_0044.wav,26.53
Follow-up Questions,clean_0002_0002_add.wav,31.1430625
Follow-up Questions,clean_0002_0004.wav,27.88
Follow-up Questions,clean_0002_0005_add.wav,24.7820625
Follow-up Questions,clean_0002_0006_add.wav,24.2259375
Follow-up Questions,clean_0002_0008_add.wav,26.7163125
Follow-up Questions,clean_0002_0020_add.wav,27.2530625
Follow-up Questions,clean_0002_0025.wav,26.59
Follow-up Questions,clean_0002_0039.wav,26.29
Follow-up Questions,clean_0002_0047.wav,28.98
Follow-up Questions,clean_0002_0052.wav,26.8
Follow-up Questions,clean_0003_0004.wav,30.31
Follow-up Questions,clean_0003_0004_add.wav,31.153875
Follow-up Questions,clean_0003_0006_add.wav,23.675125
Follow-up Questions,clean_0003_0010_add.wav,25.389625
Follow-up Questions,clean_0003_0011_add.wav,28.8001875
Follow-up Questions,clean_0003_0012.wav,27.11
Follow-up Questions,clean_0003_0017_add.wav,27.0336875
Follow-up Questions,clean_0003_0021.wav,30.57
Follow-up Questions,clean_0003_0045.wav,28.2
Follow-up Questions,clean_0003_0046.wav,27.33
Follow-up Questions,clean_0004_0001.wav,29.31
Follow-up Questions,clean_0004_0002.wav,31.21
Follow-up Questions,clean_0004_0009_add.wav,35.500625
Follow-up Questions,clean_0004_0014_add.wav,29.6591875
Follow-up Questions,clean_0004_0015_add.wav,28.826125
Follow-up Questions,clean_0004_0016_add.wav,26.2940625
Follow-up Questions,clean_0004_0020_add.wav,26.6669375
Follow-up Questions,clean_0004_0022.wav,29.15
Follow-up Questions,clean_0004_0037.wav,32.5
Follow-up Questions,clean_0004_0051.wav,27.84
Follow-up Questions,clean_0005_0001_add.wav,26.168
Follow-up Questions,clean_0005_0005_add.wav,30.319375
Follow-up Questions,clean_0005_0007_add.wav,30.0288125
Follow-up Questions,clean_0005_0014.wav,29.37
Follow-up Questions,clean_0005_0016_add.wav,25.439375
Follow-up Questions,clean_0005_0019.wav,27.63
Follow-up Questions,clean_0005_0019_add.wav,27.3808125
Follow-up Questions,clean_0005_0039.wav,26.86
Follow-up Questions,clean_0005_0043.wav,26.93
Follow-up Questions,clean_0005_0049.wav,28.31
Follow-up Questions,clean_0006_0002_add.wav,31.439625
Follow-up Questions,clean_0006_0004_add.wav,28.210625
Follow-up Questions,clean_0006_0005_add.wav,27.458375
Follow-up Questions,clean_0006_0015_add.wav,27.0508125
Follow-up Questions,clean_0006_0020_add.wav,26.31575
Follow-up Questions,clean_0006_0030.wav,27.06
Follow-up Questions,clean_0006_0040.wav,26.79
Follow-up Questions,clean_0006_0044.wav,25.14
Follow-up Questions,clean_0006_0046.wav,30.0
Follow-up Questions,clean_0006_0051.wav,23.73
Follow-up Questions,clean_0007_0006_add.wav,28.34775
Follow-up Questions,clean_0007_0012_add.wav,29.976125
Follow-up Questions,clean_0007_0016_add.wav,24.6953125
Follow-up Questions,clean_0007_0018_add.wav,29.8030625
Follow-up Questions,clean_0007_0020.wav,28.36
Follow-up Questions,clean_0007_0020_add.wav,28.2888125
Follow-up Questions,clean_0007_0025.wav,25.3
Follow-up Questions,clean_0007_0031.wav,30.77
Follow-up Questions,clean_0007_0042.wav,28.93
Follow-up Questions,clean_0007_0054.wav,28.34
Follow-up Questions,clean_0008_0006_add.wav,27.4104375
Follow-up Questions,clean_0008_0008_add.wav,26.6036875
Follow-up Questions,clean_0008_0013_add.wav,28.7188125
Follow-up Questions,clean_0008_0015_add.wav,27.8888125
Follow-up Questions,clean_0008_0017_add.wav,28.3820625
Follow-up Questions,clean_0008_0034.wav,24.43
Follow-up Questions,clean_0008_0038.wav,25.84
Follow-up Questions,clean_0008_0039.wav,26.73
Follow-up Questions,clean_0008_0042.wav,27.23
Follow-up Questions,clean_0008_0053.wav,24.97
Follow-up Questions,clean_0009_0001_add.wav,24.629
Follow-up Questions,clean_0009_0003_add.wav,26.376125
Follow-up Questions,clean_0009_0004_add.wav,27.6553125
Follow-up Questions,clean_0009_0006.wav,33.31
Follow-up Questions,clean_0009_0008_add.wav,26.1781875
Follow-up Questions,clean_0009_0017_add.wav,28.4488125
Follow-up Questions,clean_0009_0019.wav,28.12
Follow-up Questions,clean_0009_0021.wav,29.32
Follow-up Questions,clean_0009_0027.wav,28.98
Follow-up Questions,clean_0009_0050.wav,29.71
Follow-up Questions,clean_0010_0001_add.wav,26.502875
Follow-up Questions,clean_0010_0002.wav,29.7
Follow-up Questions,clean_0010_0011_add.wav,25.606125
Follow-up Questions,clean_0010_0012_add.wav,27.0985625
Follow-up Questions,clean_0010_0018_add.wav,23.518
Follow-up Questions,clean_0010_0019_add.wav,27.3388125
Follow-up Questions,clean_0010_0030.wav,33.54
Follow-up Questions,clean_0010_0033.wav,31.4
Follow-up Questions,clean_0010_0035.wav,26.74
Follow-up Questions,clean_0010_0039.wav,29.37
Negation or Dissatisfaction,0001_0002.wav,25.8200625
Negation or Dissatisfaction,0001_0004.wav,23.7300625
Negation or Dissatisfaction,0001_0005_add.wav,23.208
Negation or Dissatisfaction,0001_0011_add.wav,21.9198125
Negation or Dissatisfaction,0001_0014_add.wav,23.059375
Negation or Dissatisfaction,0001_0015_add.wav,22.44675
Negation or Dissatisfaction,0001_0017_add.wav,24.499
Negation or Dissatisfaction,0001_0019.wav,22.59
Negation or Dissatisfaction,0001_0030.wav,25.730125
Negation or Dissatisfaction,0001_0046.wav,22.8200625
Negation or Dissatisfaction,0002_0001.wav,26.46
Negation or Dissatisfaction,0002_0002.wav,28.240125
Negation or Dissatisfaction,0002_0003_add.wav,24.1535
Negation or Dissatisfaction,0002_0004.wav,21.4499375
Negation or Dissatisfaction,0002_0007_add.wav,24.5445
Negation or Dissatisfaction,0002_0008_add.wav,24.40125
Negation or Dissatisfaction,0002_0010_add.wav,24.7035
Negation or Dissatisfaction,0002_0016.wav,23.3499375
Negation or Dissatisfaction,0002_0017.wav,23.77
Negation or Dissatisfaction,0002_0020_add.wav,23.031875
Negation or Dissatisfaction,0003_0005_add.wav,22.818375
Negation or Dissatisfaction,0003_0007.wav,21.86
Negation or Dissatisfaction,0003_0010_add.wav,22.427375
Negation or Dissatisfaction,0003_0012_add.wav,23.1026875
Negation or Dissatisfaction,0003_0013_add.wav,23.500625
Negation or Dissatisfaction,0003_0014_add.wav,23.359375
Negation or Dissatisfaction,0003_0032.wav,22.62
Negation or Dissatisfaction,0003_0044.wav,21.4500625
Negation or Dissatisfaction,0003_0045.wav,23.46
Negation or Dissatisfaction,0003_0049.wav,22.12
Negation or Dissatisfaction,0004_0001_add.wav,24.381
Negation or Dissatisfaction,0004_0008_add.wav,27.9475625
Negation or Dissatisfaction,0004_0010_add.wav,24.052875
Negation or Dissatisfaction,0004_0012_add.wav,24.09225
Negation or Dissatisfaction,0004_0014_add.wav,25.7991875
Negation or Dissatisfaction,0004_0015.wav,22.54
Negation or Dissatisfaction,0004_0032.wav,24.85
Negation or Dissatisfaction,0004_0033.wav,22.41
Negation or Dissatisfaction,0004_0045.wav,21.0499375
Negation or Dissatisfaction,0004_0050.wav,20.96
Negation or Dissatisfaction,0005_0003_add.wav,23.281875
Negation or Dissatisfaction,0005_0007_add.wav,24.4155
Negation or Dissatisfaction,0005_0008.wav,21.48
Negation or Dissatisfaction,0005_0016_add.wav,24.0504375
Negation or Dissatisfaction,0005_0017.wav,23.71
Negation or Dissatisfaction,0005_0018_add.wav,21.4743125
Negation or Dissatisfaction,0005_0019_add.wav,26.537125
Negation or Dissatisfaction,0005_0025.wav,22.9900625
Negation or Dissatisfaction,0005_0027.wav,22.5599375
Negation or Dissatisfaction,0005_0041.wav,22.8000625
Negation or Dissatisfaction,0006_0001_add.wav,21.1063125
Negation or Dissatisfaction,0006_0002.wav,22.6400625
Negation or Dissatisfaction,0006_0004.wav,22.4900625
Negation or Dissatisfaction,0006_0005_add.wav,23.987125
Negation or Dissatisfaction,0006_0006.wav,22.0200625
Negation or Dissatisfaction,0006_0013_add.wav,22.1735
Negation or Dissatisfaction,0006_0016_add.wav,23.18325
Negation or Dissatisfaction,0006_0019_add.wav,24.0645
Negation or Dissatisfaction,0006_0032.wav,21.8
Negation or Dissatisfaction,0006_0040.wav,21.2500625
Negation or Dissatisfaction,0007_0001_add.wav,23.3145
Negation or Dissatisfaction,0007_0003_add.wav,24.758
Negation or Dissatisfaction,0007_0004_add.wav,22.9675625
Negation or Dissatisfaction,0007_0006.wav,37.4400625
Negation or Dissatisfaction,0007_0016_add.wav,24.0646875
Negation or Dissatisfaction,0007_0017.wav,20.57
Negation or Dissatisfaction,0007_0017_add.wav,26.34225
Negation or Dissatisfaction,0007_0029.wav,21.28
Negation or Dissatisfaction,0007_0034.wav,24.04
Negation or Dissatisfaction,0007_0035.wav,29.0
Negation or Dissatisfaction,0008_0001.wav,22.9300625
Negation or Dissatisfaction,0008_0002.wav,21.7200625
Negation or Dissatisfaction,0008_0002_add.wav,24.05125
Negation or Dissatisfaction,0008_0007_add.wav,24.136125
Negation or Dissatisfaction,0008_0013_add.wav,22.749625
Negation or Dissatisfaction,0008_0014_add.wav,21.051
Negation or Dissatisfaction,0008_0020_add.wav,27.523875
Negation or Dissatisfaction,0008_0026.wav,22.6100625
Negation or Dissatisfaction,0008_0028.wav,21.17
Negation or Dissatisfaction,0008_0031.wav,21.16
Negation or Dissatisfaction,0009_0001_add.wav,23.2436875
Negation or Dissatisfaction,0009_0004_add.wav,23.128
Negation or Dissatisfaction,0009_0011_add.wav,23.236125
Negation or Dissatisfaction,0009_0013_add.wav,22.2788125
Negation or Dissatisfaction,0009_0015.wav,21.3200625
Negation or Dissatisfaction,0009_0019_add.wav,22.842875
Negation or Dissatisfaction,0009_0024.wav,19.729875
Negation or Dissatisfaction,0009_0035.wav,22.28
Negation or Dissatisfaction,0009_0036.wav,21.28
Negation or Dissatisfaction,0009_0050.wav,20.0899375
Negation or Dissatisfaction,0010_0003.wav,24.8700625
Negation or Dissatisfaction,0010_0008.wav,21.7500625
Negation or Dissatisfaction,0010_0010_add.wav,25.1535
Negation or Dissatisfaction,0010_0014.wav,24.7900625
Negation or Dissatisfaction,0010_0015_add.wav,25.4759375
Negation or Dissatisfaction,0010_0018_add.wav,24.79225
Negation or Dissatisfaction,0010_0019_add.wav,22.24225
Negation or Dissatisfaction,0010_0020_add.wav,21.4869375
Negation or Dissatisfaction,0010_0040.wav,24.2800625
Negation or Dissatisfaction,0010_0049.wav,23.09
Negation or Dissatisfaction,clean_0001_0002.wav,25.83
Negation or Dissatisfaction,clean_0001_0004.wav,23.74
Negation or Dissatisfaction,clean_0001_0005_add.wav,23.208
Negation or Dissatisfaction,clean_0001_0011_add.wav,21.9198125
Negation or Dissatisfaction,clean_0001_0014_add.wav,23.059375
Negation or Dissatisfaction,clean_0001_0015_add.wav,22.44675
Negation or Dissatisfaction,clean_0001_0017_add.wav,24.499
Negation or Dissatisfaction,clean_0001_0019.wav,22.6
Negation or Dissatisfaction,clean_0001_0030.wav,25.74
Negation or Dissatisfaction,clean_0001_0046.wav,22.83
Negation or Dissatisfaction,clean_0002_0001.wav,26.47
Negation or Dissatisfaction,clean_0002_0002.wav,28.25
Negation or Dissatisfaction,clean_0002_0003_add.wav,24.1535
Negation or Dissatisfaction,clean_0002_0004.wav,21.46
Negation or Dissatisfaction,clean_0002_0007_add.wav,24.5445
Negation or Dissatisfaction,clean_0002_0008_add.wav,24.40125
Negation or Dissatisfaction,clean_0002_0010_add.wav,24.7035
Negation or Dissatisfaction,clean_0002_0016.wav,23.36
Negation or Dissatisfaction,clean_0002_0017.wav,23.78
Negation or Dissatisfaction,clean_0002_0020_add.wav,23.031875
Negation or Dissatisfaction,clean_0003_0005_add.wav,22.818375
Negation or Dissatisfaction,clean_0003_0007.wav,21.87
Negation or Dissatisfaction,clean_0003_0010_add.wav,22.427375
Negation or Dissatisfaction,clean_0003_0012_add.wav,23.1026875
Negation or Dissatisfaction,clean_0003_0013_add.wav,23.500625
Negation or Dissatisfaction,clean_0003_0014_add.wav,23.359375
Negation or Dissatisfaction,clean_0003_0032.wav,22.63
Negation or Dissatisfaction,clean_0003_0044.wav,21.46
Negation or Dissatisfaction,clean_0003_0045.wav,23.47
Negation or Dissatisfaction,clean_0003_0049.wav,22.13
Negation or Dissatisfaction,clean_0004_0001_add.wav,24.381
Negation or Dissatisfaction,clean_0004_0008_add.wav,27.9475625
Negation or Dissatisfaction,clean_0004_0010_add.wav,24.052875
Negation or Dissatisfaction,clean_0004_0012_add.wav,24.09225
Negation or Dissatisfaction,clean_0004_0014_add.wav,25.7991875
Negation or Dissatisfaction,clean_0004_0015.wav,22.55
Negation or Dissatisfaction,clean_0004_0032.wav,24.86
Negation or Dissatisfaction,clean_0004_0033.wav,22.42
Negation or Dissatisfaction,clean_0004_0045.wav,21.06
Negation or Dissatisfaction,clean_0004_0050.wav,20.97
Negation or Dissatisfaction,clean_0005_0003_add.wav,23.281875
Negation or Dissatisfaction,clean_0005_0007_add.wav,24.4155
Negation or Dissatisfaction,clean_0005_0008.wav,21.49
Negation or Dissatisfaction,clean_0005_0016_add.wav,24.0504375
Negation or Dissatisfaction,clean_0005_0017.wav,23.72
Negation or Dissatisfaction,clean_0005_0018_add.wav,21.4743125
Negation or Dissatisfaction,clean_0005_0019_add.wav,26.537125
Negation or Dissatisfaction,clean_0005_0025.wav,23.0
Negation or Dissatisfaction,clean_0005_0027.wav,22.57
Negation or Dissatisfaction,clean_0005_0041.wav,22.81
Negation or Dissatisfaction,clean_0006_0001_add.wav,21.1063125
Negation or Dissatisfaction,clean_0006_0002.wav,22.65
Negation or Dissatisfaction,clean_0006_0004.wav,22.5
Negation or Dissatisfaction,clean_0006_0005_add.wav,23.987125
Negation or Dissatisfaction,clean_0006_0006.wav,22.03
Negation or Dissatisfaction,clean_0006_0013_add.wav,22.1735
Negation or Dissatisfaction,clean_0006_0016_add.wav,23.18325
Negation or Dissatisfaction,clean_0006_0019_add.wav,24.0645
Negation or Dissatisfaction,clean_0006_0032.wav,21.81
Negation or Dissatisfaction,clean_0006_0040.wav,21.26
Negation or Dissatisfaction,clean_0007_0001_add.wav,23.3145
Negation or Dissatisfaction,clean_0007_0003_add.wav,24.758
Negation or Dissatisfaction,clean_0007_0004_add.wav,22.9675625
Negation or Dissatisfaction,clean_0007_0006.wav,37.3101875
Negation or Dissatisfaction,clean_0007_0016_add.wav,24.0646875
Negation or Dissatisfaction,clean_0007_0017.wav,20.58
Negation or Dissatisfaction,clean_0007_0017_add.wav,26.34225
Negation or Dissatisfaction,clean_0007_0029.wav,21.29
Negation or Dissatisfaction,clean_0007_0034.wav,24.05
Negation or Dissatisfaction,clean_0007_0035.wav,27.88
Negation or Dissatisfaction,clean_0008_0001.wav,22.94
Negation or Dissatisfaction,clean_0008_0002.wav,21.73
Negation or Dissatisfaction,clean_0008_0002_add.wav,24.05125
Negation or Dissatisfaction,clean_0008_0007_add.wav,24.136125
Negation or Dissatisfaction,clean_0008_0013_add.wav,22.749625
Negation or Dissatisfaction,clean_0008_0014_add.wav,21.051
Negation or Dissatisfaction,clean_0008_0020_add.wav,27.523875
Negation or Dissatisfaction,clean_0008_0026.wav,22.62
Negation or Dissatisfaction,clean_0008_0028.wav,21.18
Negation or Dissatisfaction,clean_0008_0031.wav,21.17
Negation or Dissatisfaction,clean_0009_0001_add.wav,23.2436875
Negation or Dissatisfaction,clean_0009_0004_add.wav,23.128
Negation or Dissatisfaction,clean_0009_0011_add.wav,23.236125
Negation or Dissatisfaction,clean_0009_0013_add.wav,22.2788125
Negation or Dissatisfaction,clean_0009_0015.wav,21.33
Negation or Dissatisfaction,clean_0009_0019_add.wav,22.842875
Negation or Dissatisfaction,clean_0009_0024.wav,19.74
Negation or Dissatisfaction,clean_0009_0035.wav,22.29
Negation or Dissatisfaction,clean_0009_0036.wav,21.29
Negation or Dissatisfaction,clean_0009_0050.wav,20.1
Negation or Dissatisfaction,clean_0010_0003.wav,24.88
Negation or Dissatisfaction,clean_0010_0008.wav,21.76
Negation or Dissatisfaction,clean_0010_0010_add.wav,25.1535
Negation or Dissatisfaction,clean_0010_0014.wav,24.8
Negation or Dissatisfaction,clean_0010_0015_add.wav,25.4759375
Negation or Dissatisfaction,clean_0010_0018_add.wav,24.79225
Negation or Dissatisfaction,clean_0010_0019_add.wav,22.24225
Negation or Dissatisfaction,clean_0010_0020_add.wav,21.4869375
Negation or Dissatisfaction,clean_0010_0040.wav,24.29
Negation or Dissatisfaction,clean_0010_0049.wav,23.1
Pause Handling,0001_0003.wav,18.11
Pause Handling,0001_0016.wav,19.0
Pause Handling,0001_0027.wav,16.98
Pause Handling,0001_0028.wav,16.48
Pause Handling,0001_0036.wav,16.87
Pause Handling,0001_0038.wav,18.61
Pause Handling,0001_0039.wav,16.27
Pause Handling,0001_0049.wav,17.38
Pause Handling,0001_0058.wav,16.56
Pause Handling,0001_0059.wav,15.85
Pause Handling,0001_0060.wav,20.52
Pause Handling,0002_0001.wav,16.97
Pause Handling,0002_0009.wav,15.0
Pause Handling,0002_0020.wav,16.11
Pause Handling,0002_0021.wav,17.81
Pause Handling,0002_0023.wav,14.86
Pause Handling,0002_0026.wav,15.79
Pause Handling,0002_0035.wav,17.13
Pause Handling,0002_0036.wav,19.91
Pause Handling,0002_0041.wav,16.09
Pause Handling,0002_0049.wav,16.12
Pause Handling,0002_0057.wav,16.74
Pause Handling,0003_0003.wav,17.14
Pause Handling,0003_0004.wav,15.47
Pause Handling,0003_0007.wav,20.52
Pause Handling,0003_0017.wav,16.07
Pause Handling,0003_0021.wav,16.67
Pause Handling,0003_0036.wav,16.28
Pause Handling,0003_0043.wav,16.64
Pause Handling,0003_0046.wav,16.13
Pause Handling,0003_0052.wav,17.82
Pause Handling,0003_0055.wav,20.58
Pause Handling,0003_0059.wav,14.75
Pause Handling,0004_0001.wav,16.33
Pause Handling,0004_0003.wav,15.99
Pause Handling,0004_0008.wav,15.35
Pause Handling,0004_0017.wav,16.59
Pause Handling,0004_0018.wav,15.17
Pause Handling,0004_0021.wav,15.41
Pause Handling,0004_0035.wav,17.5
Pause Handling,0004_0037.wav,17.11
Pause Handling,0004_0043.wav,15.94
Pause Handling,0004_0045.wav,14.89
Pause Handling,0004_0048.wav,14.34
Pause Handling,0005_0014.wav,15.31
Pause Handling,0005_0017.wav,14.54
Pause Handling,0005_0020.wav,13.4
Pause Handling,0005_0022.wav,14.92
Pause Handling,0005_0026.wav,15.29
Pause Handling,0005_0031.wav,15.1
Pause Handling,0005_0035.wav,15.95
Pause Handling,0005_0036.wav,15.38
Pause Handling,0005_0047.wav,15.63
Pause Handling,0005_0048.wav,15.83
Pause Handling,0005_0050.wav,15.46
Pause Handling,0006_0005.wav,16.23
Pause Handling,0006_0009.wav,16.78
Pause Handling,0006_0020.wav,15.77
Pause Handling,0006_0026.wav,15.51
Pause Handling,0006_0027.wav,15.38
Pause Handling,0006_0028.wav,16.34
Pause Handling,0006_0035.wav,18.01
Pause Handling,0006_0037.wav,14.49
Pause Handling,0006_0040.wav,15.17
Pause Handling,0006_0047.wav,20.46
Pause Handling,0006_0054.wav,14.22
Pause Handling,0007_0001.wav,18.38
Pause Handling,0008_0005.wav,17.94
Pause Handling,0008_0013.wav,17.96
Pause Handling,0008_0015.wav,19.55
Pause Handling,0008_0019.wav,17.02
Pause Handling,0008_0028.wav,17.55
Pause Handling,0008_0036.wav,16.67
Pause Handling,0008_0041.wav,17.36
Pause Handling,0008_0042.wav,16.97
Pause Handling,0008_0051.wav,16.63
Pause Handling,0008_0053.wav,16.21
Pause Handling,0008_0059.wav,17.33
Pause Handling,0009_0003.wav,15.95
Pause Handling,0009_0005.wav,16.1
Pause Handling,0009_0006.wav,15.0
Pause Handling,0009_0009.wav,14.6
Pause Handling,0009_0012.wav,16.03
Pause Handling,0009_0018.wav,15.94
Pause Handling,0009_0019.wav,15.83
Pause Handling,0009_0027.wav,18.46
Pause Handling,0009_0048.wav,17.71
Pause Handling,0009_0050.wav,17.81
Pause Handling,0009_0058.wav,14.53
Pause Handling,0010_0003.wav,16.64
Pause Handling,0010_0004.wav,17.49
Pause Handling,0010_0006.wav,19.51
Pause Handling,0010_0011.wav,16.46
Pause Handling,0010_0013.wav,17.41
Pause Handling,0010_0019.wav,15.26
Pause Handling,0010_0021.wav,16.24
Pause Handling,0010_0023.wav,17.28
Pause Handling,0010_0024.wav,15.7
Pause Handling,0010_0027.wav,17.01
Pause Handling,0010_0029.wav,15.83
Repetition Requests,0001_0005_add.wav,27.1665625
Repetition Requests,0001_0007.wav,31.630125
Repetition Requests,0001_0009_add.wav,22.3630625
Repetition Requests,0001_0010.wav,34.0700625
Repetition Requests,0001_0017_add.wav,25.2208125
Repetition Requests,0001_0019_add.wav,23.2745
Repetition Requests,0001_0020_add.wav,21.6385625
Repetition Requests,0001_0021.wav,34.7300625
Repetition Requests,0001_0022.wav,29.54
Repetition Requests,0001_0039.wav,30.0800625
Repetition Requests,0002_0001_add.wav,20.7263125
Repetition Requests,0002_0003_add.wav,22.3535
Repetition Requests,0002_0004_add.wav,25.82225
Repetition Requests,0002_0006_add.wav,21.681
Repetition Requests,0002_0010_add.wav,24.72225
Repetition Requests,0002_0013.wav,27.99
Repetition Requests,0002_0021.wav,30.03
Repetition Requests,0002_0032.wav,27.41
Repetition Requests,0002_0037.wav,24.8500625
Repetition Requests,0002_0050.wav,29.9800625
Repetition Requests,0003_0001.wav,27.32
Repetition Requests,0003_0009_add.wav,21.331625
Repetition Requests,0003_0010_add.wav,20.6846875
Repetition Requests,0003_0014_add.wav,24.850625
Repetition Requests,0003_0015_add.wav,26.506125
Repetition Requests,0003_0020_add.wav,26.0185625
Repetition Requests,0003_0037.wav,28.01
Repetition Requests,0003_0038.wav,27.1699375
Repetition Requests,0003_0042.wav,26.8000625
Repetition Requests,0003_0046.wav,29.29
Repetition Requests,0004_0002.wav,27.0399375
Repetition Requests,0004_0003_add.wav,23.2175625
Repetition Requests,0004_0005.wav,30.05
Repetition Requests,0004_0009_add.wav,23.45575
Repetition Requests,0004_0010_add.wav,27.0575625
Repetition Requests,0004_0011.wav,28.190125
Repetition Requests,0004_0014_add.wav,22.46675
Repetition Requests,0004_0016_add.wav,28.4230625
Repetition Requests,0004_0050.wav,31.14
Repetition Requests,0004_0055.wav,32.1900625
Repetition Requests,0005_0003_add.wav,24.6369375
Repetition Requests,0005_0004_add.wav,23.689375
Repetition Requests,0005_0012_add.wav,26.8291875
Repetition Requests,0005_0015_add.wav,25.469
Repetition Requests,0005_0017.wav,29.3100625
Repetition Requests,0005_0020_add.wav,28.0704375
Repetition Requests,0005_0030.wav,27.5600625
Repetition Requests,0005_0032.wav,30.73
Repetition Requests,0005_0038.wav,25.58
Repetition Requests,0005_0049.wav,29.6600625
Repetition Requests,0006_0003_add.wav,23.29675
Repetition Requests,0006_0004_add.wav,21.398
Repetition Requests,0006_0008_add.wav,22.336125
Repetition Requests,0006_0010_add.wav,29.071625
Repetition Requests,0006_0020_add.wav,24.01325
Repetition Requests,0006_0036.wav,28.96
Repetition Requests,0006_0039.wav,29.600125
Repetition Requests,0006_0043.wav,27.2500625
Repetition Requests,0006_0047.wav,26.5
Repetition Requests,0006_0057.wav,24.48
Repetition Requests,0007_0001_add.wav,24.9646875
Repetition Requests,0007_0004_add.wav,24.836125
Repetition Requests,0007_0005.wav,27.98
Repetition Requests,0007_0014_add.wav,27.939625
Repetition Requests,0007_0015_add.wav,27.8401875
Repetition Requests,0007_0018_add.wav,27.822875
Repetition Requests,0007_0027.wav,26.0300625
Repetition Requests,0007_0033.wav,28.2099375
Repetition Requests,0007_0043.wav,25.6300625
Repetition Requests,0007_0044.wav,26.9800625
Repetition Requests,0008_0004.wav,25.3799375
Repetition Requests,0008_0004_add.wav,22.3443125
Repetition Requests,0008_0005_add.wav,22.5935
Repetition Requests,0008_0006_add.wav,23.2488125
Repetition Requests,0008_0011_add.wav,25.1555
Repetition Requests,0008_0012.wav,27.0700625
Repetition Requests,0008_0013.wav,25.8499375
Repetition Requests,0008_0015_add.wav,29.83225
Repetition Requests,0008_0040.wav,25.1599375
Repetition Requests,0008_0055.wav,24.47
Repetition Requests,0009_0002_add.wav,26.0035
Repetition Requests,0009_0007_add.wav,23.8936875
Repetition Requests,0009_0011_add.wav,23.95575
Repetition Requests,0009_0013_add.wav,29.087375
Repetition Requests,0009_0018_add.wav,24.1043125
Repetition Requests,0009_0023.wav,28.69
Repetition Requests,0009_0037.wav,28.38
Repetition Requests,0009_0038.wav,29.55
Repetition Requests,0009_0045.wav,35.11
Repetition Requests,0009_0047.wav,29.4100625
Repetition Requests,0010_0002.wav,28.2899375
Repetition Requests,0010_0004_add.wav,22.592875
Repetition Requests,0010_0005_add.wav,27.5335
Repetition Requests,0010_0010.wav,33.5000625
Repetition Requests,0010_0011.wav,36.46
Repetition Requests,0010_0011_add.wav,25.84775
Repetition Requests,0010_0013.wav,30.74
Repetition Requests,0010_0014_add.wav,28.0446875
Repetition Requests,0010_0018_add.wav,23.8346875
Repetition Requests,0010_0051.wav,34.3000625
Repetition Requests,clean_0001_0005_add.wav,27.1665625
Repetition Requests,clean_0001_0007.wav,31.64
Repetition Requests,clean_0001_0009_add.wav,22.3630625
Repetition Requests,clean_0001_0010.wav,34.08
Repetition Requests,clean_0001_0017_add.wav,25.2208125
Repetition Requests,clean_0001_0019_add.wav,23.2745
Repetition Requests,clean_0001_0020_add.wav,21.6385625
Repetition Requests,clean_0001_0021.wav,34.74
Repetition Requests,clean_0001_0022.wav,29.55
Repetition Requests,clean_0001_0039.wav,30.09
Repetition Requests,clean_0002_0001_add.wav,20.7263125
Repetition Requests,clean_0002_0003_add.wav,22.3535
Repetition Requests,clean_0002_0004_add.wav,25.82225
Repetition Requests,clean_0002_0006_add.wav,21.681
Repetition Requests,clean_0002_0010_add.wav,24.72225
Repetition Requests,clean_0002_0013.wav,28.0
Repetition Requests,clean_0002_0021.wav,30.04
Repetition Requests,clean_0002_0032.wav,27.42
Repetition Requests,clean_0002_0037.wav,24.86
Repetition Requests,clean_0002_0050.wav,29.99
Repetition Requests,clean_0003_0001.wav,27.33
Repetition Requests,clean_0003_0009_add.wav,21.331625
Repetition Requests,clean_0003_0010_add.wav,20.6846875
Repetition Requests,clean_0003_0014_add.wav,24.850625
Repetition Requests,clean_0003_0015_add.wav,26.506125
Repetition Requests,clean_0003_0020_add.wav,26.0185625
Repetition Requests,clean_0003_0037.wav,28.02
Repetition Requests,clean_0003_0038.wav,27.18
Repetition Requests,clean_0003_0042.wav,26.81
Repetition Requests,clean_0003_0046.wav,29.3
Repetition Requests,clean_0004_0002.wav,27.05
Repetition Requests,clean_0004_0003_add.wav,23.2175625
Repetition Requests,clean_0004_0005.wav,30.06
Repetition Requests,clean_0004_0009_add.wav,23.45575
Repetition Requests,clean_0004_0010_add.wav,27.0575625
Repetition Requests,clean_0004_0011.wav,28.2
Repetition Requests,clean_0004_0014_add.wav,22.46675
Repetition Requests,clean_0004_0016_add.wav,28.4230625
Repetition Requests,clean_0004_0050.wav,31.15
Repetition Requests,clean_0004_0055.wav,32.2
Repetition Requests,clean_0005_0003_add.wav,24.6369375
Repetition Requests,clean_0005_0004_add.wav,23.689375
Repetition Requests,clean_0005_0012_add.wav,26.8291875
Repetition Requests,clean_0005_0015_add.wav,25.469
Repetition Requests,clean_0005_0017.wav,29.32
Repetition Requests,clean_0005_0020_add.wav,28.0704375
Repetition Requests,clean_0005_0030.wav,27.57
Repetition Requests,clean_0005_0032.wav,30.74
Repetition Requests,clean_0005_0038.wav,25.59
Repetition Requests,clean_0005_0049.wav,29.67
Repetition Requests,clean_0006_0003_add.wav,23.29675
Repetition Requests,clean_0006_0004_add.wav,21.398
Repetition Requests,clean_0006_0008_add.wav,22.336125
Repetition Requests,clean_0006_0010_add.wav,29.071625
Repetition Requests,clean_0006_0020_add.wav,24.01325
Repetition Requests,clean_0006_0036.wav,28.97
Repetition Requests,clean_0006_0039.wav,29.61
Repetition Requests,clean_0006_0043.wav,27.26
Repetition Requests,clean_0006_0047.wav,26.51
Repetition Requests,clean_0006_0057.wav,24.49
Repetition Requests,clean_0007_0001_add.wav,24.9646875
Repetition Requests,clean_0007_0004_add.wav,24.836125
Repetition Requests,clean_0007_0005.wav,27.99
Repetition Requests,clean_0007_0014_add.wav,27.939625
Repetition Requests,clean_0007_0015_add.wav,27.8401875
Repetition Requests,clean_0007_0018_add.wav,27.822875
Repetition Requests,clean_0007_0027.wav,26.04
Repetition Requests,clean_0007_0033.wav,28.22
Repetition Requests,clean_0007_0043.wav,25.64
Repetition Requests,clean_0007_0044.wav,26.99
Repetition Requests,clean_0008_0004.wav,25.39
Repetition Requests,clean_0008_0004_add.wav,22.3443125
Repetition Requests,clean_0008_0005_add.wav,22.5935
Repetition Requests,clean_0008_0006_add.wav,23.2488125
Repetition Requests,clean_0008_0011_add.wav,25.1555
Repetition Requests,clean_0008_0012.wav,27.08
Repetition Requests,clean_0008_0013.wav,25.86
Repetition Requests,clean_0008_0015_add.wav,29.83225
Repetition Requests,clean_0008_0040.wav,25.17
Repetition Requests,clean_0008_0055.wav,24.48
Repetition Requests,clean_0009_0002_add.wav,26.0035
Repetition Requests,clean_0009_0007_add.wav,23.8936875
Repetition Requests,clean_0009_0011_add.wav,23.95575
Repetition Requests,clean_0009_0013_add.wav,29.087375
Repetition Requests,clean_0009_0018_add.wav,24.1043125
Repetition Requests,clean_0009_0023.wav,28.7
Repetition Requests,clean_0009_0037.wav,28.39
Repetition Requests,clean_0009_0038.wav,29.56
Repetition Requests,clean_0009_0045.wav,35.12
Repetition Requests,clean_0009_0047.wav,29.42
Repetition Requests,clean_0010_0002.wav,28.3
Repetition Requests,clean_0010_0004_add.wav,22.592875
Repetition Requests,clean_0010_0005_add.wav,27.5335
Repetition Requests,clean_0010_0010.wav,33.51
Repetition Requests,clean_0010_0011.wav,36.47
Repetition Requests,clean_0010_0011_add.wav,25.84775
Repetition Requests,clean_0010_0013.wav,30.75
Repetition Requests,clean_0010_0014_add.wav,28.0446875
Repetition Requests,clean_0010_0018_add.wav,23.8346875
Repetition Requests,clean_0010_0051.wav,34.31
Silence or Termination,0001_0004_add.wav,24.1035
Silence or Termination,0001_0005_add.wav,28.8888125
Silence or Termination,0001_0006.wav,24.1900625
Silence or Termination,0001_0007_add.wav,23.4663125
Silence or Termination,0001_0016_add.wav,22.49675
Silence or Termination,0001_0017.wav,22.6800625
Silence or Termination,0001_0019_add.wav,22.8855
Silence or Termination,0001_0030.wav,25.12
Silence or Termination,0001_0032.wav,28.23
Silence or Termination,0001_0038.wav,24.8400625
Silence or Termination,0002_0011.wav,23.4200625
Silence or Termination,0002_0011_add.wav,24.4736875
Silence or Termination,0002_0013_add.wav,24.059375
Silence or Termination,0002_0014.wav,23.0500625
Silence or Termination,0002_0018_add.wav,22.609375
Silence or Termination,0002_0019.wav,23.2900625
Silence or Termination,0002_0019_add.wav,24.463875
Silence or Termination,0002_0020_add.wav,26.3885625
Silence or Termination,0002_0035.wav,22.8000625
Silence or Termination,0002_0047.wav,21.2900625
Silence or Termination,0003_0001_add.wav,22.500625
Silence or Termination,0003_0002_add.wav,25.141625
Silence or Termination,0003_0004_add.wav,25.76775
Silence or Termination,0003_0007_add.wav,23.0520625
Silence or Termination,0003_0016_add.wav,24.2543125
Silence or Termination,0003_0035.wav,22.8899375
Silence or Termination,0003_0036.wav,22.57
Silence or Termination,0003_0038.wav,20.9799375
Silence or Termination,0003_0043.wav,25.5
Silence or Termination,0003_0049.wav,23.9100625
Silence or Termination,0004_0002_add.wav,27.0340625
Silence or Termination,0004_0004_add.wav,25.0236875
Silence or Termination,0004_0010_add.wav,25.8826875
Silence or Termination,0004_0018_add.wav,26.802875
Silence or Termination,0004_0019_add.wav,25.79225
Silence or Termination,0004_0028.wav,20.75
Silence or Termination,0004_0032.wav,22.2799375
Silence or Termination,0004_0035.wav,21.87
Silence or Termination,0004_0039.wav,23.2200625
Silence or Termination,0004_0046.wav,23.3600625
Silence or Termination,0005_0003_add.wav,25.29225
Silence or Termination,0005_0005_add.wav,25.3088125
Silence or Termination,0005_0008_add.wav,25.3691875
Silence or Termination,0005_0012.wav,23.85
Silence or Termination,0005_0013_add.wav,26.0191875
Silence or Termination,0005_0015.wav,24.5000625
Silence or Termination,0005_0017_add.wav,26.199
Silence or Termination,0005_0025.wav,23.6300625
Silence or Termination,0005_0037.wav,23.21
Silence or Termination,0005_0043.wav,23.99
Silence or Termination,0006_0002.wav,22.14
Silence or Termination,0006_0003_add.wav,26.8669375
Silence or Termination,0006_0005_add.wav,21.8930625
Silence or Termination,0006_0013_add.wav,22.8788125
Silence or Termination,0006_0016_add.wav,26.6335
Silence or Termination,0006_0020.wav,21.59
Silence or Termination,0006_0020_add.wav,24.5720625
Silence or Termination,0006_0033.wav,22.9100625
Silence or Termination,0006_0044.wav,21.97
Silence or Termination,0006_0049.wav,23.2499375
Silence or Termination,0007_0012_add.wav,23.57125
Silence or Termination,0007_0013_add.wav,24.675125
Silence or Termination,0007_0014.wav,22.4600625
Silence or Termination,0007_0016_add.wav,25.5459375
Silence or Termination,0007_0018_add.wav,22.9801875
Silence or Termination,0007_0019_add.wav,28.5869375
Silence or Termination,0007_0023.wav,22.02875
Silence or Termination,0007_0028.wav,22.1099375
Silence or Termination,0007_0038.wav,22.45
Silence or Termination,0007_0046.wav,20.7999375
Silence or Termination,0008_0002.wav,20.67
Silence or Termination,0008_0003_add.wav,24.2436875
Silence or Termination,0008_0004.wav,22.37
Silence or Termination,0008_0007_add.wav,25.4869375
Silence or Termination,0008_0008_add.wav,25.3801875
Silence or Termination,0008_0015_add.wav,23.4504375
Silence or Termination,0008_0019_add.wav,24.2846875
Silence or Termination,0008_0027.wav,21.960125
Silence or Termination,0008_0033.wav,22.0100625
Silence or Termination,0008_0050.wav,22.7500625
Silence or Termination,0009_0002_add.wav,24.1326875
Silence or Termination,0009_0003.wav,22.08
Silence or Termination,0009_0004_add.wav,25.93775
Silence or Termination,0009_0008_add.wav,24.1459375
Silence or Termination,0009_0011.wav,21.35
Silence or Termination,0009_0011_add.wav,27.857375
Silence or Termination,0009_0012_add.wav,23.4481875
Silence or Termination,0009_0024.wav,21.800125
Silence or Termination,0009_0033.wav,21.6100625
Silence or Termination,0009_0045.wav,20.68
Silence or Termination,0010_0001_add.wav,25.359375
Silence or Termination,0010_0010.wav,21.1100625
Silence or Termination,0010_0012_add.wav,20.6720625
Silence or Termination,0010_0013_add.wav,26.213875
Silence or Termination,0010_0016_add.wav,23.713875
Silence or Termination,0010_0018_add.wav,23.2801875
Silence or Termination,0010_0033.wav,23.820125
Silence or Termination,0010_0035.wav,22.5099375
Silence or Termination,0010_0041.wav,22.43
Silence or Termination,0010_0049.wav,22.310125
Silence or Termination,clean_0001_0004_add.wav,24.1035
Silence or Termination,clean_0001_0005_add.wav,28.8888125
Silence or Termination,clean_0001_0006.wav,24.2
Silence or Termination,clean_0001_0007_add.wav,23.4663125
Silence or Termination,clean_0001_0016_add.wav,22.49675
Silence or Termination,clean_0001_0017.wav,22.69
Silence or Termination,clean_0001_0019_add.wav,22.8855
Silence or Termination,clean_0001_0030.wav,25.13
Silence or Termination,clean_0001_0032.wav,28.24
Silence or Termination,clean_0001_0038.wav,24.85
Silence or Termination,clean_0002_0011.wav,23.43
Silence or Termination,clean_0002_0011_add.wav,24.4736875
Silence or Termination,clean_0002_0013_add.wav,24.059375
Silence or Termination,clean_0002_0014.wav,23.06
Silence or Termination,clean_0002_0018_add.wav,22.609375
Silence or Termination,clean_0002_0019.wav,23.3
Silence or Termination,clean_0002_0019_add.wav,24.463875
Silence or Termination,clean_0002_0020_add.wav,26.3885625
Silence or Termination,clean_0002_0035.wav,22.81
Silence or Termination,clean_0002_0047.wav,21.3
Silence or Termination,clean_0003_0001_add.wav,22.500625
Silence or Termination,clean_0003_0002_add.wav,25.141625
Silence or Termination,clean_0003_0004_add.wav,25.76775
Silence or Termination,clean_0003_0007_add.wav,23.0520625
Silence or Termination,clean_0003_0016_add.wav,24.2543125
Silence or Termination,clean_0003_0035.wav,22.9
Silence or Termination,clean_0003_0036.wav,22.58
Silence or Termination,clean_0003_0038.wav,20.99
Silence or Termination,clean_0003_0043.wav,25.51
Silence or Termination,clean_0003_0049.wav,23.92
Silence or Termination,clean_0004_0002_add.wav,27.0340625
Silence or Termination,clean_0004_0004_add.wav,25.0236875
Silence or Termination,clean_0004_0010_add.wav,25.8826875
Silence or Termination,clean_0004_0018_add.wav,26.802875
Silence or Termination,clean_0004_0019_add.wav,25.79225
Silence or Termination,clean_0004_0028.wav,20.76
Silence or Termination,clean_0004_0032.wav,22.29
Silence or Termination,clean_0004_0035.wav,21.88
Silence or Termination,clean_0004_0039.wav,23.23
Silence or Termination,clean_0004_0046.wav,23.37
Silence or Termination,clean_0005_0003_add.wav,25.29225
Silence or Termination,clean_0005_0005_add.wav,25.3088125
Silence or Termination,clean_0005_0008_add.wav,25.3691875
Silence or Termination,clean_0005_0012.wav,23.86
Silence or Termination,clean_0005_0013_add.wav,26.0191875
Silence or Termination,clean_0005_0015.wav,24.51
Silence or Termination,clean_0005_0017_add.wav,26.199
Silence or Termination,clean_0005_0025.wav,23.64
Silence or Termination,clean_0005_0037.wav,23.22
Silence or Termination,clean_0005_0043.wav,24.0
Silence or Termination,clean_0006_0002.wav,22.15
Silence or Termination,clean_0006_0003_add.wav,26.8669375
Silence or Termination,clean_0006_0005_add.wav,21.8930625
Silence or Termination,clean_0006_0013_add.wav,22.8788125
Silence or Termination,clean_0006_0016_add.wav,26.6335
Silence or Termination,clean_0006_0020.wav,21.6
Silence or Termination,clean_0006_0020_add.wav,24.5720625
Silence or Termination,clean_0006_0033.wav,22.92
Silence or Termination,clean_0006_0044.wav,21.98
Silence or Termination,clean_0006_0049.wav,23.26
Silence or Termination,clean_0007_0012_add.wav,23.57125
Silence or Termination,clean_0007_0013_add.wav,24.675125
Silence or Termination,clean_0007_0014.wav,22.47
Silence or Termination,clean_0007_0016_add.wav,25.5459375
Silence or Termination,clean_0007_0018_add.wav,22.9801875
Silence or Termination,clean_0007_0019_add.wav,28.5869375
Silence or Termination,clean_0007_0023.wav,22.06
Silence or Termination,clean_0007_0028.wav,22.12
Silence or Termination,clean_0007_0038.wav,22.46
Silence or Termination,clean_0007_0046.wav,20.81
Silence or Termination,clean_0008_0002.wav,20.68
Silence or Termination,clean_0008_0003_add.wav,24.2436875
Silence or Termination,clean_0008_0004.wav,22.38
Silence or Termination,clean_0008_0007_add.wav,25.4869375
Silence or Termination,clean_0008_0008_add.wav,25.3801875
Silence or Termination,clean_0008_0015_add.wav,23.4504375
Silence or Termination,clean_0008_0019_add.wav,24.2846875
Silence or Termination,clean_0008_0027.wav,21.97
Silence or Termination,clean_0008_0033.wav,22.02
Silence or Termination,clean_0008_0050.wav,22.76
Silence or Termination,clean_0009_0002_add.wav,24.1326875
Silence or Termination,clean_0009_0003.wav,22.09
Silence or Termination,clean_0009_0004_add.wav,25.93775
Silence or Termination,clean_0009_0008_add.wav,24.1459375
Silence or Termination,clean_0009_0011.wav,21.36
Silence or Termination,clean_0009_0011_add.wav,27.857375
Silence or Termination,clean_0009_0012_add.wav,23.4481875
Silence or Termination,clean_0009_0024.wav,21.81
Silence or Termination,clean_0009_0033.wav,21.62
Silence or Termination,clean_0009_0045.wav,20.69
Silence or Termination,clean_0010_0001_add.wav,25.359375
Silence or Termination,clean_0010_0010.wav,21.12
Silence or Termination,clean_0010_0012_add.wav,20.6720625
Silence or Termination,clean_0010_0013_add.wav,26.213875
Silence or Termination,clean_0010_0016_add.wav,23.713875
Silence or Termination,clean_0010_0018_add.wav,23.2801875
Silence or Termination,clean_0010_0033.wav,23.83
Silence or Termination,clean_0010_0035.wav,22.52
Silence or Termination,clean_0010_0041.wav,22.44
Silence or Termination,clean_0010_0049.wav,22.32
Speech Directed at Others,0001_0004.wav,34.95
Speech Directed at Others,0001_0010.wav,32.7
Speech Directed at Others,0001_0011.wav,36.7
Speech Directed at Others,0001_0015.wav,32.15
Speech Directed at Others,0001_0017.wav,34.1
Speech Directed at Others,0001_0023.wav,36.75
Speech Directed at Others,0001_0025.wav,30.4
Speech Directed at Others,0001_0026.wav,34.8
Speech Directed at Others,0001_0028.wav,32.8
Speech Directed at Others,0001_0032.wav,31.3
Speech Directed at Others,0002_0002.wav,38.6
Speech Directed at Others,0002_0010.wav,35.1
Speech Directed at Others,0002_0012.wav,36.05
Speech Directed at Others,0002_0014.wav,34.95
Speech Directed at Others,0002_0018.wav,37.55
Speech Directed at Others,0002_0023.wav,37.0
Speech Directed at Others,0002_0025.wav,37.25
Speech Directed at Others,0002_0029.wav,36.45
Speech Directed at Others,0002_0033.wav,35.5
Speech Directed at Others,0002_0034.wav,38.8
Speech Directed at Others,0003_0012.wav,31.05
Speech Directed at Others,0003_0014.wav,36.2
Speech Directed at Others,0003_0018.wav,35.2
Speech Directed at Others,0003_0020.wav,36.1
Speech Directed at Others,0003_0022.wav,36.8
Speech Directed at Others,0003_0024.wav,39.55
Speech Directed at Others,0003_0025.wav,38.6
Speech Directed at Others,0003_0026.wav,42.1
Speech Directed at Others,0003_0030.wav,40.4
Speech Directed at Others,0003_0034.wav,36.85
Speech Directed at Others,0004_0002.wav,38.5
Speech Directed at Others,0004_0005.wav,39.4
Speech Directed at Others,0004_0009.wav,39.2
Speech Directed at Others,0004_0014.wav,38.9
Speech Directed at Others,0004_0016.wav,33.8
Speech Directed at Others,0004_0022.wav,37.85
Speech Directed at Others,0004_0025.wav,36.2
Speech Directed at Others,0004_0029.wav,38.5
Speech Directed at Others,0004_0032.wav,40.0
Speech Directed at Others,0004_0035.wav,36.05
Speech Directed at Others,0005_0003.wav,36.5
Speech Directed at Others,0005_0004.wav,37.0
Speech Directed at Others,0005_0006.wav,39.85
Speech Directed at Others,0005_0010.wav,35.8
Speech Directed at Others,0005_0012.wav,38.9
Speech Directed at Others,0005_0022.wav,36.75
Speech Directed at Others,0005_0024.wav,37.5
Speech Directed at Others,0005_0026.wav,39.8
Speech Directed at Others,0005_0030.wav,37.6
Speech Directed at Others,0005_0032.wav,38.85
Speech Directed at Others,0006_0005.wav,35.9
Speech Directed at Others,0006_0006.wav,38.45
Speech Directed at Others,0006_0007.wav,40.05
Speech Directed at Others,0006_0009.wav,32.85
Speech Directed at Others,0006_0013.wav,33.75
Speech Directed at Others,0006_0018.wav,39.0
Speech Directed at Others,0006_0023.wav,39.05
Speech Directed at Others,0006_0026.wav,44.35
Speech Directed at Others,0006_0029.wav,38.1
Speech Directed at Others,0006_0035.wav,42.4
Speech Directed at Others,0007_0001.wav,36.3
Speech Directed at Others,0007_0002.wav,41.45
Speech Directed at Others,0007_0004.wav,38.9
Speech Directed at Others,0007_0005.wav,37.05
Speech Directed at Others,0007_0008.wav,40.9
Speech Directed at Others,0007_0009.wav,36.85
Speech Directed at Others,0007_0024.wav,36.95
Speech Directed at Others,0007_0025.wav,36.6
Speech Directed at Others,0007_0028.wav,39.5
Speech Directed at Others,0007_0034.wav,34.45
Speech Directed at Others,0008_0003.wav,35.45
Speech Directed at Others,0008_0004.wav,40.1
Speech Directed at Others,0008_0005.wav,43.95
Speech Directed at Others,0008_0007.wav,43.8
Speech Directed at Others,0008_0015.wav,38.55
Speech Directed at Others,0008_0017.wav,41.9
Speech Directed at Others,0008_0022.wav,37.6
Speech Directed at Others,0008_0031.wav,43.55
Speech Directed at Others,0008_0034.wav,39.9
Speech Directed at Others,0008_0035.wav,40.9
Speech Directed at Others,0009_0001.wav,35.7
Speech Directed at Others,0009_0010.wav,41.4
Speech Directed at Others,0009_0015.wav,44.0
Speech Directed at Others,0009_0017.wav,36.95
Speech Directed at Others,0009_0020.wav,36.25
Speech Directed at Others,0009_0021.wav,36.2
Speech Directed at Others,0009_0025.wav,36.3
Speech Directed at Others,0009_0027.wav,39.4
Speech Directed at Others,0009_0028.wav,39.45
Speech Directed at Others,0009_0034.wav,41.05
Speech Directed at Others,0010_0004.wav,34.65
Speech Directed at Others,0010_0006.wav,33.7
Speech Directed at Others,0010_0007.wav,36.9
Speech Directed at Others,0010_0013.wav,39.1
Speech Directed at Others,0010_0014.wav,36.35
Speech Directed at Others,0010_0022.wav,33.9
Speech Directed at Others,0010_0028.wav,37.65
Speech Directed at Others,0010_0031.wav,31.55
Speech Directed at Others,0010_0032.wav,31.85
Speech Directed at Others,0010_0033.wav,42.35
Speech Directed at Others,clean_0001_0004.wav,24.95
Speech Directed at Others,clean_0001_0010.wav,22.45
Speech Directed at Others,clean_0001_0011.wav,27.15
Speech Directed at Others,clean_0001_0015.wav,23.15
Speech Directed at Others,clean_0001_0017.wav,25.8
Speech Directed at Others,clean_0001_0023.wav,26.55
Speech Directed at Others,clean_0001_0025.wav,21.35
Speech Directed at Others,clean_0001_0026.wav,24.15
Speech Directed at Others,clean_0001_0028.wav,23.55
Speech Directed at Others,clean_0001_0032.wav,23.2
Speech Directed at Others,clean_0002_0002.wav,29.35
Speech Directed at Others,clean_0002_0010.wav,25.2
Speech Directed at Others,clean_0002_0012.wav,25.4
Speech Directed at Others,clean_0002_0014.wav,26.95
Speech Directed at Others,clean_0002_0018.wav,28.1
Speech Directed at Others,clean_0002_0023.wav,27.6
Speech Directed at Others,clean_0002_0025.wav,26.95
Speech Directed at Others,clean_0002_0029.wav,23.9
Speech Directed at Others,clean_0002_0033.wav,25.85
Speech Directed at Others,clean_0002_0034.wav,27.25
Speech Directed at Others,clean_0003_0012.wav,23.5
Speech Directed at Others,clean_0003_0014.wav,26.1
Speech Directed at Others,clean_0003_0018.wav,25.25
Speech Directed at Others,clean_0003_0020.wav,25.3
Speech Directed at Others,clean_0003_0022.wav,26.45
Speech Directed at Others,clean_0003_0024.wav,29.4
Speech Directed at Others,clean_0003_0025.wav,27.8
Speech Directed at Others,clean_0003_0026.wav,29.85
Speech Directed at Others,clean_0003_0030.wav,29.6
Speech Directed at Others,clean_0003_0034.wav,26.45
Speech Directed at Others,clean_0004_0002.wav,26.55
Speech Directed at Others,clean_0004_0005.wav,28.75
Speech Directed at Others,clean_0004_0009.wav,27.8
Speech Directed at Others,clean_0004_0014.wav,28.4
Speech Directed at Others,clean_0004_0016.wav,24.7
Speech Directed at Others,clean_0004_0022.wav,26.75
Speech Directed at Others,clean_0004_0025.wav,25.85
Speech Directed at Others,clean_0004_0029.wav,28.25
Speech Directed at Others,clean_0004_0032.wav,29.55
Speech Directed at Others,clean_0004_0035.wav,26.9
Speech Directed at Others,clean_0005_0003.wav,26.85
Speech Directed at Others,clean_0005_0004.wav,27.35
Speech Directed at Others,clean_0005_0006.wav,29.2
Speech Directed at Others,clean_0005_0010.wav,25.75
Speech Directed at Others,clean_0005_0012.wav,28.4
Speech Directed at Others,clean_0005_0022.wav,26.15
Speech Directed at Others,clean_0005_0024.wav,27.45
Speech Directed at Others,clean_0005_0026.wav,29.35
Speech Directed at Others,clean_0005_0030.wav,27.0
Speech Directed at Others,clean_0005_0032.wav,28.3
Speech Directed at Others,clean_0006_0005.wav,26.4
Speech Directed at Others,clean_0006_0006.wav,27.1
Speech Directed at Others,clean_0006_0007.wav,28.25
Speech Directed at Others,clean_0006_0009.wav,22.3
Speech Directed at Others,clean_0006_0013.wav,22.95
Speech Directed at Others,clean_0006_0018.wav,25.95
Speech Directed at Others,clean_0006_0023.wav,26.5
Speech Directed at Others,clean_0006_0026.wav,32.55
Speech Directed at Others,clean_0006_0029.wav,28.75
Speech Directed at Others,clean_0006_0035.wav,29.65
Speech Directed at Others,clean_0007_0001.wav,24.75
Speech Directed at Others,clean_0007_0002.wav,26.85
Speech Directed at Others,clean_0007_0004.wav,25.3
Speech Directed at Others,clean_0007_0005.wav,23.45
Speech Directed at Others,clean_0007_0008.wav,30.3
Speech Directed at Others,clean_0007_0009.wav,25.85
Speech Directed at Others,clean_0007_0024.wav,24.5
Speech Directed at Others,clean_0007_0025.wav,25.65
Speech Directed at Others,clean_0007_0028.wav,25.85
Speech Directed at Others,clean_0007_0034.wav,24.75
Speech Directed at Others,clean_0008_0003.wav,23.45
Speech Directed at Others,clean_0008_0004.wav,27.85
Speech Directed at Others,clean_0008_0005.wav,31.05
Speech Directed at Others,clean_0008_0007.wav,30.6
Speech Directed at Others,clean_0008_0015.wav,27.15
Speech Directed at Others,clean_0008_0017.wav,28.85
Speech Directed at Others,clean_0008_0022.wav,24.55
Speech Directed at Others,clean_0008_0031.wav,31.05
Speech Directed at Others,clean_0008_0034.wav,24.75
Speech Directed at Others,clean_0008_0035.wav,28.55
Speech Directed at Others,clean_0009_0001.wav,25.75
Speech Directed at Others,clean_0009_0010.wav,29.05
Speech Directed at Others,clean_0009_0015.wav,30.25
Speech Directed at Others,clean_0009_0017.wav,24.35
Speech Directed at Others,clean_0009_0020.wav,25.45
Speech Directed at Others,clean_0009_0021.wav,25.35
Speech Directed at Others,clean_0009_0025.wav,24.55
Speech Directed at Others,clean_0009_0027.wav,26.55
Speech Directed at Others,clean_0009_0028.wav,27.35
Speech Directed at Others,clean_0009_0034.wav,28.65
Speech Directed at Others,clean_0010_0004.wav,24.3
Speech Directed at Others,clean_0010_0006.wav,26.55
Speech Directed at Others,clean_0010_0007.wav,25.9
Speech Directed at Others,clean_0010_0013.wav,26.25
Speech Directed at Others,clean_0010_0014.wav,24.7
Speech Directed at Others,clean_0010_0022.wav,21.6
Speech Directed at Others,clean_0010_0028.wav,25.15
Speech Directed at Others,clean_0010_0031.wav,20.7
Speech Directed at Others,clean_0010_0032.wav,25.05
Speech Directed at Others,clean_0010_0033.wav,26.95
Third-party Speech_after,0001_0011.wav,28.87
Third-party Speech_after,0001_0014.wav,24.45
Third-party Speech_after,0001_0015.wav,30.01
Third-party Speech_after,0001_0026.wav,32.42
Third-party Speech_after,0001_0029.wav,30.34
Third-party Speech_after,0001_0036.wav,32.24
Third-party Speech_after,0002_0007.wav,32.69
Third-party Speech_after,0002_0036.wav,26.52
Third-party Speech_after,0002_0047.wav,27.66
Third-party Speech_after,0003_0004.wav,26.93
Third-party Speech_after,0003_0027.wav,26.41
Third-party Speech_after,0003_0030.wav,27.94
Third-party Speech_after,0003_0055.wav,29.33
Third-party Speech_after,0004_0012.wav,29.87
Third-party Speech_after,0004_0038.wav,29.77
Third-party Speech_after,0005_0011.wav,26.49
Third-party Speech_after,0005_0014.wav,26.89
Third-party Speech_after,0005_0031.wav,25.1
Third-party Speech_after,0005_0033.wav,31.61
Third-party Speech_after,0005_0034.wav,28.52
Third-party Speech_after,0005_0057.wav,28.95
Third-party Speech_after,0006_0002.wav,27.14
Third-party Speech_after,0006_0004.wav,26.31
Third-party Speech_after,0006_0011.wav,25.62
Third-party Speech_after,0006_0031.wav,26.68
Third-party Speech_after,0006_0036.wav,24.04
Third-party Speech_after,0006_0049.wav,23.85
Third-party Speech_after,0007_0007.wav,22.51
Third-party Speech_after,0007_0015.wav,23.73
Third-party Speech_after,0007_0031.wav,33.05
Third-party Speech_after,0007_0033.wav,48.35
Third-party Speech_after,0007_0039.wav,33.89
Third-party Speech_after,0007_0042.wav,26.95
Third-party Speech_after,0008_0007.wav,28.05
Third-party Speech_after,0008_0029.wav,27.84
Third-party Speech_after,0009_0009.wav,27.6
Third-party Speech_after,0009_0020.wav,32.07
Third-party Speech_after,0009_0034.wav,26.66
Third-party Speech_after,0009_0046.wav,29.89
Third-party Speech_after,0009_0047.wav,30.54
Third-party Speech_after,0009_0053.wav,27.22
Third-party Speech_after,0009_0058.wav,30.41
Third-party Speech_after,0010_0001.wav,27.98
Third-party Speech_after,0010_0003.wav,26.62
Third-party Speech_after,0010_0004.wav,29.27
Third-party Speech_after,0010_0005.wav,30.02
Third-party Speech_after,0010_0007.wav,29.56
Third-party Speech_after,0010_0009.wav,28.67
Third-party Speech_after,0010_0013.wav,33.27
Third-party Speech_after,0010_0014.wav,31.21
Third-party Speech_after,clean_0001_0011.wav,28.88
Third-party Speech_after,clean_0001_0014.wav,24.46
Third-party Speech_after,clean_0001_0015.wav,30.02
Third-party Speech_after,clean_0001_0026.wav,32.43
Third-party Speech_after,clean_0001_0029.wav,30.35
Third-party Speech_after,clean_0001_0036.wav,32.25
Third-party Speech_after,clean_0002_0007.wav,32.7
Third-party Speech_after,clean_0002_0036.wav,26.53
Third-party Speech_after,clean_0002_0047.wav,27.67
Third-party Speech_after,clean_0003_0004.wav,26.94
Third-party Speech_after,clean_0003_0027.wav,26.42
Third-party Speech_after,clean_0003_0030.wav,27.95
Third-party Speech_after,clean_0003_0055.wav,29.34
Third-party Speech_after,clean_0004_0012.wav,29.88
Third-party Speech_after,clean_0004_0038.wav,29.78
Third-party Speech_after,clean_0005_0011.wav,26.5
Third-party Speech_after,clean_0005_0014.wav,26.9
Third-party Speech_after,clean_0005_0031.wav,25.11
Third-party Speech_after,clean_0005_0033.wav,31.62
Third-party Speech_after,clean_0005_0034.wav,28.53
Third-party Speech_after,clean_0005_0057.wav,28.96
Third-party Speech_after,clean_0006_0002.wav,27.15
Third-party Speech_after,clean_0006_0004.wav,26.32
Third-party Speech_after,clean_0006_0011.wav,25.63
Third-party Speech_after,clean_0006_0031.wav,26.69
Third-party Speech_after,clean_0006_0036.wav,24.05
Third-party Speech_after,clean_0006_0049.wav,23.86
Third-party Speech_after,clean_0007_0007.wav,22.52
Third-party Speech_after,clean_0007_0015.wav,23.74
Third-party Speech_after,clean_0007_0031.wav,31.01
Third-party Speech_after,clean_0007_0033.wav,46.5398125
Third-party Speech_after,clean_0007_0039.wav,32.14
Third-party Speech_after,clean_0007_0042.wav,26.96
Third-party Speech_after,clean_0008_0007.wav,28.06
Third-party Speech_after,clean_0008_0029.wav,27.85
Third-party Speech_after,clean_0009_0009.wav,27.61
Third-party Speech_after,clean_0009_0020.wav,32.08
Third-party Speech_after,clean_0009_0034.wav,26.67
Third-party Speech_after,clean_0009_0046.wav,29.9
Third-party Speech_after,clean_0009_0047.wav,30.55
Third-party Speech_after,clean_0009_0053.wav,27.23
Third-party Speech_after,clean_0009_0058.wav,30.42
Third-party Speech_after,clean_0010_0001.wav,27.99
Third-party Speech_after,clean_0010_0003.wav,26.63
Third-party Speech_after,clean_0010_0004.wav,29.28
Third-party Speech_after,clean_0010_0005.wav,30.03
Third-party Speech_after,clean_0010_0007.wav,29.57
Third-party Speech_after,clean_0010_0009.wav,28.68
Third-party Speech_after,clean_0010_0013.wav,33.28
Third-party Speech_after,clean_0010_0014.wav,31.22
Third-party Speech_before,0001_0018_before.wav,29.629
Third-party Speech_before,0001_0021_before.wav,29.12
Third-party Speech_before,0001_0031_before.wav,26.591
Third-party Speech_before,0001_0055_before.wav,27.28
Third-party Speech_before,0002_0005_before.wav,31.81
Third-party Speech_before,0002_0013_before.wav,27.35
Third-party Speech_before,0002_0016_before.wav,29.76
Third-party Speech_before,0002_0027_before.wav,27.53
Third-party Speech_before,0002_0030_before.wav,29.191
Third-party Speech_before,0002_0040_before.wav,32.431
Third-party Speech_before,0002_0042_before.wav,25.959
Third-party Speech_before,0003_0010_before.wav,27.59
Third-party Speech_before,0003_0015_before.wav,26.55
Third-party Speech_before,0003_0016_before.wav,25.649
Third-party Speech_before,0003_0021_before.wav,31.359
Third-party Speech_before,0003_0022_before.wav,30.24
Third-party Speech_before,0003_0048_before.wav,28.14
Third-party Speech_before,0004_0016_before.wav,28.13
Third-party Speech_before,0004_0018_before.wav,29.26
Third-party Speech_before,0004_0035_before.wav,27.63
Third-party Speech_before,0004_0036_before.wav,26.89
Third-party Speech_before,0004_0045_before.wav,27.82
Third-party Speech_before,0004_0046_before.wav,31.91
Third-party Speech_before,0004_0050_before.wav,26.67
Third-party Speech_before,0004_0060_before.wav,31.758
Third-party Speech_before,0005_0009_before.wav,30.09
Third-party Speech_before,0005_0038_before.wav,32.201
Third-party Speech_before,0005_0053_before.wav,29.13
Third-party Speech_before,0005_0054_before.wav,27.18
Third-party Speech_before,0006_0006_before.wav,28.129
Third-party Speech_before,0006_0025_before.wav,23.489
Third-party Speech_before,0006_0027_before.wav,28.44
Third-party Speech_before,0006_0054_before.wav,24.74
Third-party Speech_before,0007_0001_before.wav,29.411
Third-party Speech_before,0007_0019_before.wav,24.25
Third-party Speech_before,0007_0022_before.wav,29.07
Third-party Speech_before,0007_0025_before.wav,26.17
Third-party Speech_before,0008_0001_before.wav,27.519
Third-party Speech_before,0008_0005_before.wav,27.55
Third-party Speech_before,0008_0011_before.wav,30.85
Third-party Speech_before,0008_0017_before.wav,26.53
Third-party Speech_before,0008_0032_before.wav,30.21
Third-party Speech_before,0008_0033_before.wav,25.439
Third-party Speech_before,0008_0034_before.wav,28.03
Third-party Speech_before,0008_0038_before.wav,24.51
Third-party Speech_before,0009_0004_before.wav,28.91
Third-party Speech_before,0009_0035_before.wav,25.25
Third-party Speech_before,0009_0050_before.wav,25.409
Third-party Speech_before,0010_0002_before.wav,28.43
Third-party Speech_before,0010_0008_before.wav,31.97
Topic Switching,0001_0001.wav,28.4
Topic Switching,0001_0003.wav,32.440125
Topic Switching,0001_0004_add.wav,29.21575
Topic Switching,0001_0005_add.wav,25.4545
Topic Switching,0001_0015.wav,30.6300625
Topic Switching,0001_0017_add.wav,25.767375
Topic Switching,0001_0018_add.wav,26.64325
Topic Switching,0001_0019_add.wav,28.981875
Topic Switching,0001_0023.wav,29.3700625
Topic Switching,0001_0029.wav,30.1000625
Topic Switching,0002_0003_add.wav,28.7435
Topic Switching,0002_0005_add.wav,28.913875
Topic Switching,0002_0006_add.wav,28.4285625
Topic Switching,0002_0009_add.wav,27.598
Topic Switching,0002_0013_add.wav,26.5546875
Topic Switching,0002_0025.wav,29.6600625
Topic Switching,0002_0028.wav,31.38
Topic Switching,0002_0029.wav,32.070125
Topic Switching,0002_0044.wav,35.3500625
Topic Switching,0002_0049.wav,28.2800625
Topic Switching,0003_0001.wav,27.1000625
Topic Switching,0003_0005_add.wav,29.04125
Topic Switching,0003_0006_add.wav,27.39125
Topic Switching,0003_0008.wav,29.6
Topic Switching,0003_0008_add.wav,26.44575
Topic Switching,0003_0016.wav,27.61
Topic Switching,0003_0018_add.wav,25.89125
Topic Switching,0003_0019_add.wav,28.997375
Topic Switching,0003_0048.wav,26.3099375
Topic Switching,0003_0053.wav,26.06
Topic Switching,0004_0001_add.wav,28.76225
Topic Switching,0004_0005_add.wav,29.62575
Topic Switching,0004_0011.wav,30.08
Topic Switching,0004_0012_add.wav,29.7040625
Topic Switching,0004_0013_add.wav,28.795125
Topic Switching,0004_0016_add.wav,28.64575
Topic Switching,0004_0017.wav,30.1199375
Topic Switching,0004_0024.wav,28.4999375
Topic Switching,0004_0038.wav,30.5199375
Topic Switching,0004_0055.wav,27.5500625
Topic Switching,0005_0003_add.wav,27.463875
Topic Switching,0005_0011_add.wav,26.4224375
Topic Switching,0005_0013_add.wav,28.8720625
Topic Switching,0005_0015.wav,29.0400625
Topic Switching,0005_0016_add.wav,29.9965625
Topic Switching,0005_0018_add.wav,26.8845
Topic Switching,0005_0027.wav,28.9000625
Topic Switching,0005_0033.wav,27.64
Topic Switching,0005_0046.wav,26.8500625
Topic Switching,0005_0052.wav,25.92
Topic Switching,0006_0001.wav,26.3
Topic Switching,0006_0003_add.wav,26.1449375
Topic Switching,0006_0005_add.wav,24.44325
Topic Switching,0006_0011_add.wav,26.373875
Topic Switching,0006_0013_add.wav,26.362875
Topic Switching,0006_0014_add.wav,27.0136875
Topic Switching,0006_0020.wav,26.65
Topic Switching,0006_0033.wav,26.06
Topic Switching,0006_0049.wav,26.7399375
Topic Switching,0006_0052.wav,25.93
Topic Switching,0007_0001.wav,41.4499375
Topic Switching,0007_0001_add.wav,27.467125
Topic Switching,0007_0005_add.wav,26.5575625
Topic Switching,0007_0010_add.wav,29.321
Topic Switching,0007_0011_add.wav,30.142875
Topic Switching,0007_0018_add.wav,25.6769375
Topic Switching,0007_0032.wav,25.69
Topic Switching,0007_0038.wav,30.4200625
Topic Switching,0007_0041.wav,28.1
Topic Switching,0007_0047.wav,29.85
Topic Switching,0008_0003_add.wav,27.0404375
Topic Switching,0008_0009_add.wav,24.7985625
Topic Switching,0008_0014_add.wav,26.8463125
Topic Switching,0008_0015_add.wav,26.571
Topic Switching,0008_0017_add.wav,25.35675
Topic Switching,0008_0020.wav,26.5500625
Topic Switching,0008_0022.wav,31.1
Topic Switching,0008_0039.wav,26.24
Topic Switching,0008_0043.wav,27.2199375
Topic Switching,0008_0047.wav,26.39
Topic Switching,0009_0002_add.wav,26.7575625
Topic Switching,0009_0006_add.wav,30.707125
Topic Switching,0009_0010.wav,29.05
Topic Switching,0009_0013_add.wav,24.541875
Topic Switching,0009_0015.wav,27.78
Topic Switching,0009_0016_add.wav,30.1763125
Topic Switching,0009_0019_add.wav,29.4369375
Topic Switching,0009_0029.wav,29.1500625
Topic Switching,0009_0037.wav,31.6900625
Topic Switching,0009_0048.wav,27.9300625
Topic Switching,0010_0004.wav,26.4899375
Topic Switching,0010_0006_add.wav,24.9753125
Topic Switching,0010_0008_add.wav,28.0143125
Topic Switching,0010_0012.wav,30.0400625
Topic Switching,0010_0013.wav,31.1599375
Topic Switching,0010_0015_add.wav,31.371875
Topic Switching,0010_0016_add.wav,26.0626875
Topic Switching,0010_0017_add.wav,26.6059375
Topic Switching,0010_0021.wav,32.14
Topic Switching,0010_0027.wav,30.61
Topic Switching,clean_0001_0001.wav,28.41
Topic Switching,clean_0001_0003.wav,32.45
Topic Switching,clean_0001_0004_add.wav,29.21575
Topic Switching,clean_0001_0005_add.wav,25.4545
Topic Switching,clean_0001_0015.wav,30.64
Topic Switching,clean_0001_0017_add.wav,25.767375
Topic Switching,clean_0001_0018_add.wav,26.64325
Topic Switching,clean_0001_0019_add.wav,28.981875
Topic Switching,clean_0001_0023.wav,29.38
Topic Switching,clean_0001_0029.wav,30.11
Topic Switching,clean_0002_0003_add.wav,28.7435
Topic Switching,clean_0002_0005_add.wav,28.913875
Topic Switching,clean_0002_0006_add.wav,28.4285625
Topic Switching,clean_0002_0009_add.wav,27.598
Topic Switching,clean_0002_0013_add.wav,26.5546875
Topic Switching,clean_0002_0025.wav,29.67
Topic Switching,clean_0002_0028.wav,31.39
Topic Switching,clean_0002_0029.wav,32.08
Topic Switching,clean_0002_0044.wav,35.36
Topic Switching,clean_0002_0049.wav,28.29
Topic Switching,clean_0003_0001.wav,27.11
Topic Switching,clean_0003_0005_add.wav,29.04125
Topic Switching,clean_0003_0006_add.wav,27.39125
Topic Switching,clean_0003_0008.wav,29.61
Topic Switching,clean_0003_0008_add.wav,26.44575
Topic Switching,clean_0003_0016.wav,27.62
Topic Switching,clean_0003_0018_add.wav,25.89125
Topic Switching,clean_0003_0019_add.wav,28.997375
Topic Switching,clean_0003_0048.wav,26.32
Topic Switching,clean_0003_0053.wav,26.07
Topic Switching,clean_0004_0001_add.wav,28.76225
Topic Switching,clean_0004_0005_add.wav,29.62575
Topic Switching,clean_0004_0011.wav,30.09
Topic Switching,clean_0004_0012_add.wav,29.7040625
Topic Switching,clean_0004_0013_add.wav,28.795125
Topic Switching,clean_0004_0016_add.wav,28.64575
Topic Switching,clean_0004_0017.wav,30.13
Topic Switching,clean_0004_0024.wav,28.51
Topic Switching,clean_0004_0038.wav,30.53
Topic Switching,clean_0004_0055.wav,27.56
Topic Switching,clean_0005_0003_add.wav,27.463875
Topic Switching,clean_0005_0011_add.wav,26.4224375
Topic Switching,clean_0005_0013_add.wav,28.8720625
Topic Switching,clean_0005_0015.wav,29.05
Topic Switching,clean_0005_0016_add.wav,29.9965625
Topic Switching,clean_0005_0018_add.wav,26.8845
Topic Switching,clean_0005_0027.wav,28.91
Topic Switching,clean_0005_0033.wav,27.65
Topic Switching,clean_0005_0046.wav,26.86
Topic Switching,clean_0005_0052.wav,25.93
Topic Switching,clean_0006_0001.wav,26.31
Topic Switching,clean_0006_0003_add.wav,26.1449375
Topic Switching,clean_0006_0005_add.wav,24.44325
Topic Switching,clean_0006_0011_add.wav,26.373875
Topic Switching,clean_0006_0013_add.wav,26.362875
Topic Switching,clean_0006_0014_add.wav,27.0136875
Topic Switching,clean_0006_0020.wav,26.66
Topic Switching,clean_0006_0033.wav,26.07
Topic Switching,clean_0006_0049.wav,26.75
Topic Switching,clean_0006_0052.wav,25.94
Topic Switching,clean_0007_0001.wav,39.0198125
Topic Switching,clean_0007_0001_add.wav,27.467125
Topic Switching,clean_0007_0005_add.wav,26.5575625
Topic Switching,clean_0007_0010_add.wav,29.321
Topic Switching,clean_0007_0011_add.wav,30.142875
Topic Switching,clean_0007_0018_add.wav,25.6769375
Topic Switching,clean_0007_0032.wav,25.7
Topic Switching,clean_0007_0038.wav,28.55
Topic Switching,clean_0007_0041.wav,28.1099375
Topic Switching,clean_0007_0047.wav,29.86
Topic Switching,clean_0008_0003_add.wav,27.0404375
Topic Switching,clean_0008_0009_add.wav,24.7985625
Topic Switching,clean_0008_0014_add.wav,26.8463125
Topic Switching,clean_0008_0015_add.wav,26.571
Topic Switching,clean_0008_0017_add.wav,25.35675
Topic Switching,clean_0008_0020.wav,26.56
Topic Switching,clean_0008_0022.wav,31.11
Topic Switching,clean_0008_0039.wav,26.25
Topic Switching,clean_0008_0043.wav,27.23
Topic Switching,clean_0008_0047.wav,26.4
Topic Switching,clean_0009_0002_add.wav,26.7575625
Topic Switching,clean_0009_0006_add.wav,30.707125
Topic Switching,clean_0009_0010.wav,29.06
Topic Switching,clean_0009_0013_add.wav,24.541875
Topic Switching,clean_0009_0015.wav,27.79
Topic Switching,clean_0009_0016_add.wav,30.1763125
Topic Switching,clean_0009_0019_add.wav,29.4369375
Topic Switching,clean_0009_0029.wav,29.16
Topic Switching,clean_0009_0037.wav,31.7
Topic Switching,clean_0009_0048.wav,27.94
Topic Switching,clean_0010_0004.wav,26.5
Topic Switching,clean_0010_0006_add.wav,24.9753125
Topic Switching,clean_0010_0008_add.wav,28.0143125
Topic Switching,clean_0010_0012.wav,30.05
Topic Switching,clean_0010_0013.wav,31.17
Topic Switching,clean_0010_0015_add.wav,31.371875
Topic Switching,clean_0010_0016_add.wav,26.0626875
Topic Switching,clean_0010_0017_add.wav,26.6059375
Topic Switching,clean_0010_0021.wav,32.15
Topic Switching,clean_0010_0027.wav,30.62
User Real-time Backchannels,0001_0005.wav,22.7000625
User Real-time Backchannels,0001_0006.wav,20.6400625
User Real-time Backchannels,0001_0011.wav,25.1400625
User Real-time Backchannels,0001_0015.wav,22.360125
User Real-time Backchannels,0001_0017.wav,23.51
User Real-time Backchannels,0001_0026.wav,21.5400625
User Real-time Backchannels,0001_0033.wav,23.1400625
User Real-time Backchannels,0001_0046.wav,24.5000625
User Real-time Backchannels,0001_0048.wav,21.7000625
User Real-time Backchannels,0001_0049.wav,21.6000625
User Real-time Backchannels,0002_0005.wav,20.5
User Real-time Backchannels,0002_0008.wav,21.41
User Real-time Backchannels,0002_0019.wav,19.3699375
User Real-time Backchannels,0002_0021.wav,19.51
User Real-time Backchannels,0002_0034.wav,20.2700625
User Real-time Backchannels,0002_0035.wav,22.050125
User Real-time Backchannels,0002_0044.wav,21.7700625
User Real-time Backchannels,0002_0045.wav,19.86
User Real-time Backchannels,0002_0046.wav,21.36
User Real-time Backchannels,0002_0050.wav,19.9400625
User Real-time Backchannels,0003_0001.wav,20.9899375
User Real-time Backchannels,0003_0002.wav,19.1599375
User Real-time Backchannels,0003_0009.wav,20.7100625
User Real-time Backchannels,0003_0011.wav,20.27
User Real-time Backchannels,0003_0019.wav,22.18
User Real-time Backchannels,0003_0027.wav,24.6900625
User Real-time Backchannels,0003_0028.wav,24.64
User Real-time Backchannels,0003_0034.wav,22.46
User Real-time Backchannels,0003_0037.wav,21.0400625
User Real-time Backchannels,0003_0044.wav,21.1500625
User Real-time Backchannels,0004_0006.wav,21.4599375
User Real-time Backchannels,0004_0007.wav,21.58
User Real-time Backchannels,0004_0012.wav,20.479875
User Real-time Backchannels,0004_0014.wav,21.1200625
User Real-time Backchannels,0004_0032.wav,20.5200625
User Real-time Backchannels,0004_0034.wav,20.33
User Real-time Backchannels,0004_0035.wav,20.63
User Real-time Backchannels,0004_0041.wav,22.03
User Real-time Backchannels,0004_0047.wav,18.9899375
User Real-time Backchannels,0004_0048.wav,21.2600625
User Real-time Backchannels,0005_0008.wav,20.7
User Real-time Backchannels,0005_0013.wav,20.1400625
User Real-time Backchannels,0005_0020.wav,21.7200625
User Real-time Backchannels,0005_0024.wav,20.23
User Real-time Backchannels,0005_0026.wav,20.639875
User Real-time Backchannels,0005_0032.wav,18.8399375
User Real-time Backchannels,0005_0034.wav,22.92
User Real-time Backchannels,0005_0036.wav,20.89
User Real-time Backchannels,0005_0042.wav,19.4300625
User Real-time Backchannels,0005_0045.wav,19.2399375
User Real-time Backchannels,0006_0006.wav,21.4
User Real-time Backchannels,0006_0009.wav,21.4500625
User Real-time Backchannels,0006_0012.wav,21.4699375
User Real-time Backchannels,0006_0017.wav,21.89
User Real-time Backchannels,0006_0020.wav,20.27
User Real-time Backchannels,0006_0029.wav,19.48
User Real-time Backchannels,0006_0038.wav,23.4100625
User Real-time Backchannels,0006_0039.wav,21.3100625
User Real-time Backchannels,0006_0042.wav,19.8300625
User Real-time Backchannels,0006_0043.wav,21.35
User Real-time Backchannels,0007_0003.wav,20.0400625
User Real-time Backchannels,0007_0019.wav,20.85
User Real-time Backchannels,0007_0020.wav,20.672
User Real-time Backchannels,0007_0030.wav,20.82
User Real-time Backchannels,0007_0035.wav,18.92
User Real-time Backchannels,0007_0041.wav,19.85
User Real-time Backchannels,0007_0042.wav,21.35
User Real-time Backchannels,0007_0043.wav,19.64
User Real-time Backchannels,0007_0048.wav,20.93
User Real-time Backchannels,0007_0050.wav,22.3200625
User Real-time Backchannels,0008_0007.wav,20.7
User Real-time Backchannels,0008_0010.wav,19.86
User Real-time Backchannels,0008_0012.wav,22.270125
User Real-time Backchannels,0008_0018.wav,20.18
User Real-time Backchannels,0008_0025.wav,21.7000625
User Real-time Backchannels,0008_0028.wav,20.05
User Real-time Backchannels,0008_0029.wav,19.68
User Real-time Backchannels,0008_0036.wav,20.12
User Real-time Backchannels,0008_0038.wav,19.15
User Real-time Backchannels,0008_0043.wav,20.9999375
User Real-time Backchannels,0009_0005.wav,21.05
User Real-time Backchannels,0009_0015.wav,19.45
User Real-time Backchannels,0009_0020.wav,21.25
User Real-time Backchannels,0009_0023.wav,22.4100625
User Real-time Backchannels,0009_0024.wav,20.43
User Real-time Backchannels,0009_0025.wav,20.009875
User Real-time Backchannels,0009_0026.wav,20.93
User Real-time Backchannels,0009_0033.wav,23.2
User Real-time Backchannels,0009_0039.wav,22.44
User Real-time Backchannels,0009_0040.wav,23.45
User Real-time Backchannels,0010_0006.wav,22.8300625
User Real-time Backchannels,0010_0022.wav,20.339875
User Real-time Backchannels,0010_0025.wav,23.27
User Real-time Backchannels,0010_0028.wav,24.3100625
User Real-time Backchannels,0010_0039.wav,21.1599375
User Real-time Backchannels,0010_0040.wav,21.8900625
User Real-time Backchannels,0010_0042.wav,22.6000625
User Real-time Backchannels,0010_0043.wav,20.4299375
User Real-time Backchannels,0010_0057.wav,22.5099375
User Real-time Backchannels,0010_0058.wav,19.8099375
User Real-time Backchannels,clean_0001_0005.wav,22.71
User Real-time Backchannels,clean_0001_0006.wav,20.65
User Real-time Backchannels,clean_0001_0011.wav,25.15
User Real-time Backchannels,clean_0001_0015.wav,22.37
User Real-time Backchannels,clean_0001_0017.wav,23.52
User Real-time Backchannels,clean_0001_0026.wav,21.55
User Real-time Backchannels,clean_0001_0033.wav,23.1499375
User Real-time Backchannels,clean_0001_0046.wav,24.51
User Real-time Backchannels,clean_0001_0048.wav,21.71
User Real-time Backchannels,clean_0001_0049.wav,21.61
User Real-time Backchannels,clean_0002_0005.wav,20.51
User Real-time Backchannels,clean_0002_0008.wav,21.42
User Real-time Backchannels,clean_0002_0019.wav,19.38
User Real-time Backchannels,clean_0002_0021.wav,19.52
User Real-time Backchannels,clean_0002_0034.wav,20.28
User Real-time Backchannels,clean_0002_0035.wav,22.06
User Real-time Backchannels,clean_0002_0044.wav,21.78
User Real-time Backchannels,clean_0002_0045.wav,19.87
User Real-time Backchannels,clean_0002_0046.wav,21.37
User Real-time Backchannels,clean_0002_0050.wav,19.95
User Real-time Backchannels,clean_0003_0001.wav,21.0
User Real-time Backchannels,clean_0003_0002.wav,19.17
User Real-time Backchannels,clean_0003_0009.wav,20.72
User Real-time Backchannels,clean_0003_0011.wav,20.28
User Real-time Backchannels,clean_0003_0019.wav,22.19
User Real-time Backchannels,clean_0003_0027.wav,24.7
User Real-time Backchannels,clean_0003_0028.wav,24.65
User Real-time Backchannels,clean_0003_0034.wav,22.47
User Real-time Backchannels,clean_0003_0037.wav,21.05
User Real-time Backchannels,clean_0003_0044.wav,21.16
User Real-time Backchannels,clean_0004_0006.wav,21.47
User Real-time Backchannels,clean_0004_0007.wav,21.59
User Real-time Backchannels,clean_0004_0012.wav,20.49
User Real-time Backchannels,clean_0004_0014.wav,21.13
User Real-time Backchannels,clean_0004_0032.wav,20.53
User Real-time Backchannels,clean_0004_0034.wav,20.34
User Real-time Backchannels,clean_0004_0035.wav,20.64
User Real-time Backchannels,clean_0004_0041.wav,22.04
User Real-time Backchannels,clean_0004_0047.wav,19.0
User Real-time Backchannels,clean_0004_0048.wav,21.27
User Real-time Backchannels,clean_0005_0008.wav,20.71
User Real-time Backchannels,clean_0005_0013.wav,20.15
User Real-time Backchannels,clean_0005_0020.wav,21.73
User Real-time Backchannels,clean_0005_0024.wav,20.24
User Real-time Backchannels,clean_0005_0026.wav,20.65
User Real-time Backchannels,clean_0005_0032.wav,18.85
User Real-time Backchannels,clean_0005_0034.wav,22.93
User Real-time Backchannels,clean_0005_0036.wav,20.9
User Real-time Backchannels,clean_0005_0042.wav,19.44
User Real-time Backchannels,clean_0005_0045.wav,19.25
User Real-time Backchannels,clean_0006_0006.wav,21.41
User Real-time Backchannels,clean_0006_0009.wav,21.46
User Real-time Backchannels,clean_0006_0012.wav,21.48
User Real-time Backchannels,clean_0006_0017.wav,21.9
User Real-time Backchannels,clean_0006_0020.wav,20.28
User Real-time Backchannels,clean_0006_0029.wav,19.49
User Real-time Backchannels,clean_0006_0038.wav,23.42
User Real-time Backchannels,clean_0006_0039.wav,21.32
User Real-time Backchannels,clean_0006_0042.wav,19.84
User Real-time Backchannels,clean_0006_0043.wav,21.36
User Real-time Backchannels,clean_0007_0003.wav,20.05
User Real-time Backchannels,clean_0007_0019.wav,20.9
User Real-time Backchannels,clean_0007_0020.wav,20.72
User Real-time Backchannels,clean_0007_0030.wav,20.83
User Real-time Backchannels,clean_0007_0035.wav,18.93
User Real-time Backchannels,clean_0007_0041.wav,19.86
User Real-time Backchannels,clean_0007_0042.wav,21.36
User Real-time Backchannels,clean_0007_0043.wav,19.65
User Real-time Backchannels,clean_0007_0048.wav,20.94
User Real-time Backchannels,clean_0007_0050.wav,22.35
User Real-time Backchannels,clean_0008_0007.wav,20.71
User Real-time Backchannels,clean_0008_0010.wav,19.87
User Real-time Backchannels,clean_0008_0012.wav,22.28
User Real-time Backchannels,clean_0008_0018.wav,20.19
User Real-time Backchannels,clean_0008_0025.wav,21.71
User Real-time Backchannels,clean_0008_0028.wav,20.06
User Real-time Backchannels,clean_0008_0029.wav,19.69
User Real-time Backchannels,clean_0008_0036.wav,20.13
User Real-time Backchannels,clean_0008_0038.wav,19.16
User Real-time Backchannels,clean_0008_0043.wav,21.01
User Real-time Backchannels,clean_0009_0005.wav,21.06
User Real-time Backchannels,clean_0009_0015.wav,19.46
User Real-time Backchannels,clean_0009_0020.wav,21.26
User Real-time Backchannels,clean_0009_0023.wav,22.42
User Real-time Backchannels,clean_0009_0024.wav,20.44
User Real-time Backchannels,clean_0009_0025.wav,20.02
User Real-time Backchannels,clean_0009_0026.wav,20.94
User Real-time Backchannels,clean_0009_0033.wav,23.21
User Real-time Backchannels,clean_0009_0039.wav,22.45
User Real-time Backchannels,clean_0009_0040.wav,23.46
User Real-time Backchannels,clean_0010_0006.wav,22.84
User Real-time Backchannels,clean_0010_0022.wav,20.35
User Real-time Backchannels,clean_0010_0025.wav,23.28
User Real-time Backchannels,clean_0010_0028.wav,24.32
User Real-time Backchannels,clean_0010_0039.wav,21.17
User Real-time Backchannels,clean_0010_0040.wav,21.9
User Real-time Backchannels,clean_0010_0042.wav,22.61
User Real-time Backchannels,clean_0010_0043.wav,20.44
User Real-time Backchannels,clean_0010_0057.wav,22.52
User Real-time Backchannels,clean_0010_0058.wav,19.82
